{"cameraMode":{"drawMode":0,"name":"Shaded","section":"Shading Mode"},"sceneLighting":true,"audioPlay":false,"sceneViewState":{"showFog":true,"showMaterialUpdate":false,"showSkybox":true,"showFlares":true,"showImageEffects":true,"showParticleSystems":true},"in2DMode":false,"pivot":{"x":3.891880750656128,"y":-1.1002521514892579,"z":5.281342506408691},"rotation":{"x":-0.3225499391555786,"y":-0.21684055030345918,"z":0.07617051154375076,"w":-0.9182274341583252},"size":5.717230796813965,"orthographic":false}